Model,Accuracy,F1,ROC-AUC
Logistic Regression,0.8277281553398058,0.8193516859423359,0.905308281129951
Random Forest,0.9973592233009708,0.997212200721548,0.9999664019669161
Gradient Boosting,1.0,1.0,1.0
Extra Trees,0.9861747572815533,0.985478870941426,0.999346078469519
SVM,0.941747572815534,0.9395940721649485,0.9888650770743961
